Name,Value
GRC,0.8770771108793978
GraphViNE,0.8718693039220343
Best Fit,0.8745076580735751
First Fit,0.8911756801087246
NeuroViNE,0.8769940734738662