Name,Value
GRC,0.14313107980816347
GraphViNE,0.040724004015373294
Best Fit,0.1744373291068165
First Fit,0.22940582348589678
NeuroViNE,0.098897411062392