Name,Value
GRC,0.5597894970935526
GraphViNE,0.4128241861670891
Best Fit,0.5507042960462522
First Fit,0.6041311485278837
NeuroViNE,0.5543994601144898