Name,Value
GRC,0.00725961733914572
GraphViNE,0.0
Best Fit,0.004468491476696896
First Fit,0.05373455126932665
NeuroViNE,0.0034954825025906152