Name,Value
GraphViNE,0.030128183036524647
Best Fit,0.18060086979322362
First Fit,0.11129136323132188