Name,Value
GraphViNE,0.7033960899070841
Best Fit,0.24269544149699163
First Fit,0.1830660299623977